soken00wlm01,SokenDom01,soken00wlmprj01,kensakensakensa00
soken00wlm02,SokenDom01,soken00wlmprj01,kensakensakensa00
soken00wlm03,SokenDom01,soken00wlmprj01,kensakensakensa00
soken00wlm04,SokenDom01,soken00wlmprj01,kensakensakensa00
soken00wlm05,SokenDom01,soken00wlmprj01,kensakensakensa00
soken00wlm06,SokenDom01,soken00wlmprj01,kensakensakensa00
soken00wlm07,SokenDom01,soken00wlmprj01,kensakensakensa00
soken00wlm08,SokenDom01,soken00wlmprj01,kensakensakensa00
soken00wlm09,SokenDom01,soken00wlmprj01,kensakensakensa00
soken00wlm10,SokenDom01,soken00wlmprj01,kensakensakensa00
SokenUser01,SokenDom01,SokenPrj01,1234567890123456
